Account,SPID,MID,Time,Channel,kWh
35010543227,2300585143,L109330558,11/1/2018 1:00:00 AM,10,0.433
35010543227,2300585143,L109330558,11/1/2018 2:00:00 AM,10,0.616
35010543227,2300585143,L109330558,11/1/2018 3:00:00 AM,10,0.418
35010543227,2300585143,L109330558,11/1/2018 4:00:00 AM,10,0.442
35010543227,2300585143,L109330558,11/1/2018 5:00:00 AM,10,0.424
35010543227,2300585143,L109330558,11/1/2018 6:00:00 AM,10,0.486
35010543227,2300585143,L109330558,11/1/2018 7:00:00 AM,10,0.685
35010543227,2300585143,L109330558,11/1/2018 8:00:00 AM,10,0.873
35010543227,2300585143,L109330558,11/1/2018 9:00:00 AM,10,1.025
35010543227,2300585143,L109330558,11/1/2018 10:00:00 AM,10,1.101
35010543227,2300585143,L109330558,11/1/2018 11:00:00 AM,10,1.097
35010543227,2300585143,L109330558,11/1/2018 12:00:00 PM,10,0.739
35010543227,2300585143,L109330558,11/1/2018 1:00:00 PM,10,0.631
35010543227,2300585143,L109330558,11/1/2018 2:00:00 PM,10,0.595
35010543227,2300585143,L109330558,11/1/2018 3:00:00 PM,10,0.694
35010543227,2300585143,L109330558,11/1/2018 4:00:00 PM,10,0.938
35010543227,2300585143,L109330558,11/1/2018 5:00:00 PM,10,0.98
35010543227,2300585143,L109330558,11/1/2018 6:00:00 PM,10,1.179
35010543227,2300585143,L109330558,11/1/2018 7:00:00 PM,10,2.397
35010543227,2300585143,L109330558,11/1/2018 8:00:00 PM,10,1.19
35010543227,2300585143,L109330558,11/1/2018 9:00:00 PM,10,1.121
35010543227,2300585143,L109330558,11/1/2018 10:00:00 PM,10,0.954
35010543227,2300585143,L109330558,11/1/2018 11:00:00 PM,10,0.748
35010543227,2300585143,L109330558,11/2/2018 12:00:00 AM,10,0.542
35010543227,2300585143,L109330558,11/2/2018 1:00:00 AM,10,0.454
35010543227,2300585143,L109330558,11/2/2018 2:00:00 AM,10,0.403
35010543227,2300585143,L109330558,11/2/2018 3:00:00 AM,10,0.415
35010543227,2300585143,L109330558,11/2/2018 4:00:00 AM,10,0.862
35010543227,2300585143,L109330558,11/2/2018 5:00:00 AM,10,0.94
35010543227,2300585143,L109330558,11/2/2018 6:00:00 AM,10,0.386
35010543227,2300585143,L109330558,11/2/2018 7:00:00 AM,10,0.636
35010543227,2300585143,L109330558,11/2/2018 8:00:00 AM,10,0.711
35010543227,2300585143,L109330558,11/2/2018 9:00:00 AM,10,0.737
35010543227,2300585143,L109330558,11/2/2018 10:00:00 AM,10,1.001
35010543227,2300585143,L109330558,11/2/2018 11:00:00 AM,10,1.088
35010543227,2300585143,L109330558,11/2/2018 12:00:00 PM,10,1.304
35010543227,2300585143,L109330558,11/2/2018 1:00:00 PM,10,0.753
35010543227,2300585143,L109330558,11/2/2018 2:00:00 PM,10,0.613
35010543227,2300585143,L109330558,11/2/2018 3:00:00 PM,10,0.793
35010543227,2300585143,L109330558,11/2/2018 4:00:00 PM,10,2.054
35010543227,2300585143,L109330558,11/2/2018 5:00:00 PM,10,2.69
35010543227,2300585143,L109330558,11/2/2018 6:00:00 PM,10,1.882
35010543227,2300585143,L109330558,11/2/2018 7:00:00 PM,10,1.379
35010543227,2300585143,L109330558,11/2/2018 8:00:00 PM,10,1.41
35010543227,2300585143,L109330558,11/2/2018 9:00:00 PM,10,1.376
35010543227,2300585143,L109330558,11/2/2018 10:00:00 PM,10,1.84
35010543227,2300585143,L109330558,11/2/2018 11:00:00 PM,10,1.067
35010543227,2300585143,L109330558,11/3/2018 12:00:00 AM,10,1.016
35010543227,2300585143,L109330558,11/3/2018 1:00:00 AM,10,0.766
35010543227,2300585143,L109330558,11/3/2018 2:00:00 AM,10,0.763
35010543227,2300585143,L109330558,11/3/2018 3:00:00 AM,10,0.776
35010543227,2300585143,L109330558,11/3/2018 4:00:00 AM,10,0.729
35010543227,2300585143,L109330558,11/3/2018 5:00:00 AM,10,0.708
35010543227,2300585143,L109330558,11/3/2018 6:00:00 AM,10,0.662
35010543227,2300585143,L109330558,11/3/2018 7:00:00 AM,10,0.92
35010543227,2300585143,L109330558,11/3/2018 8:00:00 AM,10,1.301
35010543227,2300585143,L109330558,11/3/2018 9:00:00 AM,10,1.063
35010543227,2300585143,L109330558,11/3/2018 10:00:00 AM,10,0.985
35010543227,2300585143,L109330558,11/3/2018 11:00:00 AM,10,0.948
35010543227,2300585143,L109330558,11/3/2018 12:00:00 PM,10,0.826
35010543227,2300585143,L109330558,11/3/2018 1:00:00 PM,10,0.745
35010543227,2300585143,L109330558,11/3/2018 2:00:00 PM,10,0.694
35010543227,2300585143,L109330558,11/3/2018 3:00:00 PM,10,0.71
35010543227,2300585143,L109330558,11/3/2018 4:00:00 PM,10,1.027
35010543227,2300585143,L109330558,11/3/2018 5:00:00 PM,10,0.966
35010543227,2300585143,L109330558,11/3/2018 6:00:00 PM,10,0.925
35010543227,2300585143,L109330558,11/3/2018 7:00:00 PM,10,0.906
35010543227,2300585143,L109330558,11/3/2018 8:00:00 PM,10,0.898
35010543227,2300585143,L109330558,11/3/2018 9:00:00 PM,10,1.026
35010543227,2300585143,L109330558,11/3/2018 10:00:00 PM,10,0.862
35010543227,2300585143,L109330558,11/3/2018 11:00:00 PM,10,0.883
35010543227,2300585143,L109330558,11/4/2018 12:00:00 AM,10,0.734
35010543227,2300585143,L109330558,11/4/2018 1:00:00 AM,10,0.712
35010543227,2300585143,L109330558,11/4/2018 2:00:00 AM,10,0.808
35010543227,2300585143,L109330558,11/4/2018 2:00:00 AM,10,0.648
35010543227,2300585143,L109330558,11/4/2018 3:00:00 AM,10,0.581
35010543227,2300585143,L109330558,11/4/2018 4:00:00 AM,10,0.952
35010543227,2300585143,L109330558,11/4/2018 5:00:00 AM,10,1.13
35010543227,2300585143,L109330558,11/4/2018 6:00:00 AM,10,0.627
35010543227,2300585143,L109330558,11/4/2018 7:00:00 AM,10,0.713
35010543227,2300585143,L109330558,11/4/2018 8:00:00 AM,10,0.829
35010543227,2300585143,L109330558,11/4/2018 9:00:00 AM,10,0.824
35010543227,2300585143,L109330558,11/4/2018 10:00:00 AM,10,0.652
35010543227,2300585143,L109330558,11/4/2018 11:00:00 AM,10,0.65
35010543227,2300585143,L109330558,11/4/2018 12:00:00 PM,10,0.728
35010543227,2300585143,L109330558,11/4/2018 1:00:00 PM,10,0.677
35010543227,2300585143,L109330558,11/4/2018 2:00:00 PM,10,0.65
35010543227,2300585143,L109330558,11/4/2018 3:00:00 PM,10,0.617
35010543227,2300585143,L109330558,11/4/2018 4:00:00 PM,10,0.723
35010543227,2300585143,L109330558,11/4/2018 5:00:00 PM,10,0.823
35010543227,2300585143,L109330558,11/4/2018 6:00:00 PM,10,1.393
35010543227,2300585143,L109330558,11/4/2018 7:00:00 PM,10,2.881
35010543227,2300585143,L109330558,11/4/2018 8:00:00 PM,10,0.88
35010543227,2300585143,L109330558,11/4/2018 9:00:00 PM,10,1.279
35010543227,2300585143,L109330558,11/4/2018 10:00:00 PM,10,0.88
35010543227,2300585143,L109330558,11/4/2018 11:00:00 PM,10,0.65
35010543227,2300585143,L109330558,11/5/2018 12:00:00 AM,10,0.641
35010543227,2300585143,L109330558,11/5/2018 1:00:00 AM,10,0.569
35010543227,2300585143,L109330558,11/5/2018 2:00:00 AM,10,0.655
35010543227,2300585143,L109330558,11/5/2018 3:00:00 AM,10,0.689
35010543227,2300585143,L109330558,11/5/2018 4:00:00 AM,10,0.681
35010543227,2300585143,L109330558,11/5/2018 5:00:00 AM,10,0.635
35010543227,2300585143,L109330558,11/5/2018 6:00:00 AM,10,0.787
35010543227,2300585143,L109330558,11/5/2018 7:00:00 AM,10,0.988
35010543227,2300585143,L109330558,11/5/2018 8:00:00 AM,10,0.847
35010543227,2300585143,L109330558,11/5/2018 9:00:00 AM,10,1.043
35010543227,2300585143,L109330558,11/5/2018 10:00:00 AM,10,1.067
35010543227,2300585143,L109330558,11/5/2018 11:00:00 AM,10,0.713
35010543227,2300585143,L109330558,11/5/2018 12:00:00 PM,10,0.82
35010543227,2300585143,L109330558,11/5/2018 1:00:00 PM,10,0.862
35010543227,2300585143,L109330558,11/5/2018 2:00:00 PM,10,1.052
35010543227,2300585143,L109330558,11/5/2018 3:00:00 PM,10,0.785
35010543227,2300585143,L109330558,11/5/2018 4:00:00 PM,10,0.69
35010543227,2300585143,L109330558,11/5/2018 5:00:00 PM,10,0.976
35010543227,2300585143,L109330558,11/5/2018 6:00:00 PM,10,2.005
35010543227,2300585143,L109330558,11/5/2018 7:00:00 PM,10,1.782
35010543227,2300585143,L109330558,11/5/2018 8:00:00 PM,10,1.061
35010543227,2300585143,L109330558,11/5/2018 9:00:00 PM,10,1.604
35010543227,2300585143,L109330558,11/5/2018 10:00:00 PM,10,0.887
35010543227,2300585143,L109330558,11/5/2018 11:00:00 PM,10,0.623
35010543227,2300585143,L109330558,11/6/2018 12:00:00 AM,10,0.701
35010543227,2300585143,L109330558,11/6/2018 1:00:00 AM,10,0.674
35010543227,2300585143,L109330558,11/6/2018 2:00:00 AM,10,0.635
35010543227,2300585143,L109330558,11/6/2018 3:00:00 AM,10,0.616
35010543227,2300585143,L109330558,11/6/2018 4:00:00 AM,10,0.585
35010543227,2300585143,L109330558,11/6/2018 5:00:00 AM,10,0.622
35010543227,2300585143,L109330558,11/6/2018 6:00:00 AM,10,0.649
35010543227,2300585143,L109330558,11/6/2018 7:00:00 AM,10,0.96
35010543227,2300585143,L109330558,11/6/2018 8:00:00 AM,10,1.09
35010543227,2300585143,L109330558,11/6/2018 9:00:00 AM,10,0.793
35010543227,2300585143,L109330558,11/6/2018 10:00:00 AM,10,1.012
35010543227,2300585143,L109330558,11/6/2018 11:00:00 AM,10,0.823
35010543227,2300585143,L109330558,11/6/2018 12:00:00 PM,10,1.21
35010543227,2300585143,L109330558,11/6/2018 1:00:00 PM,10,0.866
35010543227,2300585143,L109330558,11/6/2018 2:00:00 PM,10,1.031
35010543227,2300585143,L109330558,11/6/2018 3:00:00 PM,10,0.975
35010543227,2300585143,L109330558,11/6/2018 4:00:00 PM,10,0.775
35010543227,2300585143,L109330558,11/6/2018 5:00:00 PM,10,1.754
35010543227,2300585143,L109330558,11/6/2018 6:00:00 PM,10,1.278
35010543227,2300585143,L109330558,11/6/2018 7:00:00 PM,10,1.992
35010543227,2300585143,L109330558,11/6/2018 8:00:00 PM,10,1.052
35010543227,2300585143,L109330558,11/6/2018 9:00:00 PM,10,1.241
35010543227,2300585143,L109330558,11/6/2018 10:00:00 PM,10,0.783
35010543227,2300585143,L109330558,11/6/2018 11:00:00 PM,10,0.697
35010543227,2300585143,L109330558,11/7/2018 12:00:00 AM,10,0.614
35010543227,2300585143,L109330558,11/7/2018 1:00:00 AM,10,0.698
35010543227,2300585143,L109330558,11/7/2018 2:00:00 AM,10,0.643
35010543227,2300585143,L109330558,11/7/2018 3:00:00 AM,10,0.623
35010543227,2300585143,L109330558,11/7/2018 4:00:00 AM,10,0.532
35010543227,2300585143,L109330558,11/7/2018 5:00:00 AM,10,0.634
35010543227,2300585143,L109330558,11/7/2018 6:00:00 AM,10,0.629
35010543227,2300585143,L109330558,11/7/2018 7:00:00 AM,10,0.847
35010543227,2300585143,L109330558,11/7/2018 8:00:00 AM,10,1.085
35010543227,2300585143,L109330558,11/7/2018 9:00:00 AM,10,1.179
35010543227,2300585143,L109330558,11/7/2018 10:00:00 AM,10,0.686
35010543227,2300585143,L109330558,11/7/2018 11:00:00 AM,10,0.716
35010543227,2300585143,L109330558,11/7/2018 12:00:00 PM,10,0.908
35010543227,2300585143,L109330558,11/7/2018 1:00:00 PM,10,0.758
35010543227,2300585143,L109330558,11/7/2018 2:00:00 PM,10,0.773
35010543227,2300585143,L109330558,11/7/2018 3:00:00 PM,10,0.667
35010543227,2300585143,L109330558,11/7/2018 4:00:00 PM,10,0.75
35010543227,2300585143,L109330558,11/7/2018 5:00:00 PM,10,0.941
35010543227,2300585143,L109330558,11/7/2018 6:00:00 PM,10,0.899
35010543227,2300585143,L109330558,11/7/2018 7:00:00 PM,10,0.927
35010543227,2300585143,L109330558,11/7/2018 8:00:00 PM,10,0.936
35010543227,2300585143,L109330558,11/7/2018 9:00:00 PM,10,0.896
35010543227,2300585143,L109330558,11/7/2018 10:00:00 PM,10,0.935
35010543227,2300585143,L109330558,11/7/2018 11:00:00 PM,10,1.261
35010543227,2300585143,L109330558,11/8/2018 12:00:00 AM,10,0.629
35010543227,2300585143,L109330558,11/8/2018 1:00:00 AM,10,0.584
35010543227,2300585143,L109330558,11/8/2018 2:00:00 AM,10,0.597
35010543227,2300585143,L109330558,11/8/2018 3:00:00 AM,10,0.618
35010543227,2300585143,L109330558,11/8/2018 4:00:00 AM,10,0.739
35010543227,2300585143,L109330558,11/8/2018 5:00:00 AM,10,0.718
35010543227,2300585143,L109330558,11/8/2018 6:00:00 AM,10,0.619
35010543227,2300585143,L109330558,11/8/2018 7:00:00 AM,10,0.863
35010543227,2300585143,L109330558,11/8/2018 8:00:00 AM,10,1.015
35010543227,2300585143,L109330558,11/8/2018 9:00:00 AM,10,0.941
35010543227,2300585143,L109330558,11/8/2018 10:00:00 AM,10,0.847
35010543227,2300585143,L109330558,11/8/2018 11:00:00 AM,10,0.899
35010543227,2300585143,L109330558,11/8/2018 12:00:00 PM,10,0.649
35010543227,2300585143,L109330558,11/8/2018 1:00:00 PM,10,0.692
35010543227,2300585143,L109330558,11/8/2018 2:00:00 PM,10,0.623
35010543227,2300585143,L109330558,11/8/2018 3:00:00 PM,10,0.685
35010543227,2300585143,L109330558,11/8/2018 4:00:00 PM,10,0.684
35010543227,2300585143,L109330558,11/8/2018 5:00:00 PM,10,0.871
35010543227,2300585143,L109330558,11/8/2018 6:00:00 PM,10,0.933
35010543227,2300585143,L109330558,11/8/2018 7:00:00 PM,10,0.907
35010543227,2300585143,L109330558,11/8/2018 8:00:00 PM,10,0.889
35010543227,2300585143,L109330558,11/8/2018 9:00:00 PM,10,0.887
35010543227,2300585143,L109330558,11/8/2018 10:00:00 PM,10,0.997
35010543227,2300585143,L109330558,11/8/2018 11:00:00 PM,10,0.99
35010543227,2300585143,L109330558,11/9/2018 12:00:00 AM,10,0.597
35010543227,2300585143,L109330558,11/9/2018 1:00:00 AM,10,0.578
35010543227,2300585143,L109330558,11/9/2018 2:00:00 AM,10,0.676
35010543227,2300585143,L109330558,11/9/2018 3:00:00 AM,10,0.604
35010543227,2300585143,L109330558,11/9/2018 4:00:00 AM,10,0.569
35010543227,2300585143,L109330558,11/9/2018 5:00:00 AM,10,0.564
35010543227,2300585143,L109330558,11/9/2018 6:00:00 AM,10,0.661
35010543227,2300585143,L109330558,11/9/2018 7:00:00 AM,10,0.824
35010543227,2300585143,L109330558,11/9/2018 8:00:00 AM,10,1.026
35010543227,2300585143,L109330558,11/9/2018 9:00:00 AM,10,0.87
35010543227,2300585143,L109330558,11/9/2018 10:00:00 AM,10,1.189
35010543227,2300585143,L109330558,11/9/2018 11:00:00 AM,10,0.854
35010543227,2300585143,L109330558,11/9/2018 12:00:00 PM,10,1.213
35010543227,2300585143,L109330558,11/9/2018 1:00:00 PM,10,0.856
35010543227,2300585143,L109330558,11/9/2018 2:00:00 PM,10,0.716
35010543227,2300585143,L109330558,11/9/2018 3:00:00 PM,10,0.646
35010543227,2300585143,L109330558,11/9/2018 4:00:00 PM,10,0.674
35010543227,2300585143,L109330558,11/9/2018 5:00:00 PM,10,0.867
35010543227,2300585143,L109330558,11/9/2018 6:00:00 PM,10,1.506
35010543227,2300585143,L109330558,11/9/2018 7:00:00 PM,10,1.514
35010543227,2300585143,L109330558,11/9/2018 8:00:00 PM,10,1.285
35010543227,2300585143,L109330558,11/9/2018 9:00:00 PM,10,0.765
35010543227,2300585143,L109330558,11/9/2018 10:00:00 PM,10,0.746
35010543227,2300585143,L109330558,11/9/2018 11:00:00 PM,10,0.775
35010543227,2300585143,L109330558,11/10/2018 12:00:00 AM,10,0.671
35010543227,2300585143,L109330558,11/10/2018 1:00:00 AM,10,0.674
35010543227,2300585143,L109330558,11/10/2018 2:00:00 AM,10,0.675
35010543227,2300585143,L109330558,11/10/2018 3:00:00 AM,10,0.63
35010543227,2300585143,L109330558,11/10/2018 4:00:00 AM,10,0.599
35010543227,2300585143,L109330558,11/10/2018 5:00:00 AM,10,0.585
35010543227,2300585143,L109330558,11/10/2018 6:00:00 AM,10,0.647
35010543227,2300585143,L109330558,11/10/2018 7:00:00 AM,10,0.682
35010543227,2300585143,L109330558,11/10/2018 8:00:00 AM,10,1.33
35010543227,2300585143,L109330558,11/10/2018 9:00:00 AM,10,2.099
35010543227,2300585143,L109330558,11/10/2018 10:00:00 AM,10,0.838
35010543227,2300585143,L109330558,11/10/2018 11:00:00 AM,10,0.823
35010543227,2300585143,L109330558,11/10/2018 12:00:00 PM,10,1.232
35010543227,2300585143,L109330558,11/10/2018 1:00:00 PM,10,1.204
35010543227,2300585143,L109330558,11/10/2018 2:00:00 PM,10,1.67
35010543227,2300585143,L109330558,11/10/2018 3:00:00 PM,10,0.86
35010543227,2300585143,L109330558,11/10/2018 4:00:00 PM,10,0.837
35010543227,2300585143,L109330558,11/10/2018 5:00:00 PM,10,1.45
35010543227,2300585143,L109330558,11/10/2018 6:00:00 PM,10,1.646
35010543227,2300585143,L109330558,11/10/2018 7:00:00 PM,10,0.969
35010543227,2300585143,L109330558,11/10/2018 8:00:00 PM,10,0.869
35010543227,2300585143,L109330558,11/10/2018 9:00:00 PM,10,0.809
35010543227,2300585143,L109330558,11/10/2018 10:00:00 PM,10,0.827
35010543227,2300585143,L109330558,11/10/2018 11:00:00 PM,10,0.745
35010543227,2300585143,L109330558,11/11/2018 12:00:00 AM,10,0.482
35010543227,2300585143,L109330558,11/11/2018 1:00:00 AM,10,0.59
35010543227,2300585143,L109330558,11/11/2018 2:00:00 AM,10,0.574
35010543227,2300585143,L109330558,11/11/2018 3:00:00 AM,10,0.542
35010543227,2300585143,L109330558,11/11/2018 4:00:00 AM,10,0.506
35010543227,2300585143,L109330558,11/11/2018 5:00:00 AM,10,0.856
35010543227,2300585143,L109330558,11/11/2018 6:00:00 AM,10,1.12
35010543227,2300585143,L109330558,11/11/2018 7:00:00 AM,10,0.602
35010543227,2300585143,L109330558,11/11/2018 8:00:00 AM,10,0.821
35010543227,2300585143,L109330558,11/11/2018 9:00:00 AM,10,2.321
35010543227,2300585143,L109330558,11/11/2018 10:00:00 AM,10,3.024
35010543227,2300585143,L109330558,11/11/2018 11:00:00 AM,10,2.999
35010543227,2300585143,L109330558,11/11/2018 12:00:00 PM,10,3.112
35010543227,2300585143,L109330558,11/11/2018 1:00:00 PM,10,0.765
35010543227,2300585143,L109330558,11/11/2018 2:00:00 PM,10,0.733
35010543227,2300585143,L109330558,11/11/2018 3:00:00 PM,10,0.721
35010543227,2300585143,L109330558,11/11/2018 4:00:00 PM,10,0.536
35010543227,2300585143,L109330558,11/11/2018 5:00:00 PM,10,0.884
35010543227,2300585143,L109330558,11/11/2018 6:00:00 PM,10,1.141
35010543227,2300585143,L109330558,11/11/2018 7:00:00 PM,10,1.207
35010543227,2300585143,L109330558,11/11/2018 8:00:00 PM,10,1.232
35010543227,2300585143,L109330558,11/11/2018 9:00:00 PM,10,0.937
35010543227,2300585143,L109330558,11/11/2018 10:00:00 PM,10,0.783
35010543227,2300585143,L109330558,11/11/2018 11:00:00 PM,10,0.604
35010543227,2300585143,L109330558,11/12/2018 12:00:00 AM,10,0.534
35010543227,2300585143,L109330558,11/12/2018 1:00:00 AM,10,0.589
35010543227,2300585143,L109330558,11/12/2018 2:00:00 AM,10,0.54
35010543227,2300585143,L109330558,11/12/2018 3:00:00 AM,10,0.652
35010543227,2300585143,L109330558,11/12/2018 4:00:00 AM,10,0.671
35010543227,2300585143,L109330558,11/12/2018 5:00:00 AM,10,0.646
35010543227,2300585143,L109330558,11/12/2018 6:00:00 AM,10,0.764
35010543227,2300585143,L109330558,11/12/2018 7:00:00 AM,10,0.86
35010543227,2300585143,L109330558,11/12/2018 8:00:00 AM,10,0.919
35010543227,2300585143,L109330558,11/12/2018 9:00:00 AM,10,0.917
35010543227,2300585143,L109330558,11/12/2018 10:00:00 AM,10,0.641
35010543227,2300585143,L109330558,11/12/2018 11:00:00 AM,10,0.644
35010543227,2300585143,L109330558,11/12/2018 12:00:00 PM,10,0.637
35010543227,2300585143,L109330558,11/12/2018 1:00:00 PM,10,0.729
35010543227,2300585143,L109330558,11/12/2018 2:00:00 PM,10,0.628
35010543227,2300585143,L109330558,11/12/2018 3:00:00 PM,10,0.634
35010543227,2300585143,L109330558,11/12/2018 4:00:00 PM,10,0.673
35010543227,2300585143,L109330558,11/12/2018 5:00:00 PM,10,0.893
35010543227,2300585143,L109330558,11/12/2018 6:00:00 PM,10,1.073
35010543227,2300585143,L109330558,11/12/2018 7:00:00 PM,10,2.779
35010543227,2300585143,L109330558,11/12/2018 8:00:00 PM,10,1.378
35010543227,2300585143,L109330558,11/12/2018 9:00:00 PM,10,1.29
35010543227,2300585143,L109330558,11/12/2018 10:00:00 PM,10,1.255
35010543227,2300585143,L109330558,11/12/2018 11:00:00 PM,10,0.889
35010543227,2300585143,L109330558,11/13/2018 12:00:00 AM,10,0.813
35010543227,2300585143,L109330558,11/13/2018 1:00:00 AM,10,0.807
35010543227,2300585143,L109330558,11/13/2018 2:00:00 AM,10,0.75
35010543227,2300585143,L109330558,11/13/2018 3:00:00 AM,10,0.813
35010543227,2300585143,L109330558,11/13/2018 4:00:00 AM,10,0.884
35010543227,2300585143,L109330558,11/13/2018 5:00:00 AM,10,1.285
35010543227,2300585143,L109330558,11/13/2018 6:00:00 AM,10,1.281
35010543227,2300585143,L109330558,11/13/2018 7:00:00 AM,10,0.955
35010543227,2300585143,L109330558,11/13/2018 8:00:00 AM,10,1.648
35010543227,2300585143,L109330558,11/13/2018 9:00:00 AM,10,1.67
35010543227,2300585143,L109330558,11/13/2018 10:00:00 AM,10,1.763
35010543227,2300585143,L109330558,11/13/2018 11:00:00 AM,10,2.786
35010543227,2300585143,L109330558,11/13/2018 12:00:00 PM,10,2.665
35010543227,2300585143,L109330558,11/13/2018 1:00:00 PM,10,2.575
35010543227,2300585143,L109330558,11/13/2018 2:00:00 PM,10,2.586
35010543227,2300585143,L109330558,11/13/2018 3:00:00 PM,10,2.084
35010543227,2300585143,L109330558,11/13/2018 4:00:00 PM,10,1.022
35010543227,2300585143,L109330558,11/13/2018 5:00:00 PM,10,0.855
35010543227,2300585143,L109330558,11/13/2018 6:00:00 PM,10,0.91
35010543227,2300585143,L109330558,11/13/2018 7:00:00 PM,10,1.036
35010543227,2300585143,L109330558,11/13/2018 8:00:00 PM,10,0.945
35010543227,2300585143,L109330558,11/13/2018 9:00:00 PM,10,0.817
35010543227,2300585143,L109330558,11/13/2018 10:00:00 PM,10,0.733
35010543227,2300585143,L109330558,11/13/2018 11:00:00 PM,10,0.625
35010543227,2300585143,L109330558,11/14/2018 12:00:00 AM,10,0.457
35010543227,2300585143,L109330558,11/14/2018 1:00:00 AM,10,0.53
35010543227,2300585143,L109330558,11/14/2018 2:00:00 AM,10,0.58
35010543227,2300585143,L109330558,11/14/2018 3:00:00 AM,10,0.506
35010543227,2300585143,L109330558,11/14/2018 4:00:00 AM,10,0.493
35010543227,2300585143,L109330558,11/14/2018 5:00:00 AM,10,0.909
35010543227,2300585143,L109330558,11/14/2018 6:00:00 AM,10,1.202
35010543227,2300585143,L109330558,11/14/2018 7:00:00 AM,10,0.72
35010543227,2300585143,L109330558,11/14/2018 8:00:00 AM,10,1.232
35010543227,2300585143,L109330558,11/14/2018 9:00:00 AM,10,1.693
35010543227,2300585143,L109330558,11/14/2018 10:00:00 AM,10,1.002
35010543227,2300585143,L109330558,11/14/2018 11:00:00 AM,10,1.07
35010543227,2300585143,L109330558,11/14/2018 12:00:00 PM,10,2.498
35010543227,2300585143,L109330558,11/14/2018 1:00:00 PM,10,1.301
35010543227,2300585143,L109330558,11/14/2018 2:00:00 PM,10,1.004
35010543227,2300585143,L109330558,11/14/2018 3:00:00 PM,10,0.755
35010543227,2300585143,L109330558,11/14/2018 4:00:00 PM,10,0.727
35010543227,2300585143,L109330558,11/14/2018 5:00:00 PM,10,1.009
35010543227,2300585143,L109330558,11/14/2018 6:00:00 PM,10,1.477
35010543227,2300585143,L109330558,11/14/2018 7:00:00 PM,10,1.818
35010543227,2300585143,L109330558,11/14/2018 8:00:00 PM,10,1.029
35010543227,2300585143,L109330558,11/14/2018 9:00:00 PM,10,1.471
35010543227,2300585143,L109330558,11/14/2018 10:00:00 PM,10,0.938
35010543227,2300585143,L109330558,11/14/2018 11:00:00 PM,10,0.619
35010543227,2300585143,L109330558,11/15/2018 12:00:00 AM,10,0.653
35010543227,2300585143,L109330558,11/15/2018 1:00:00 AM,10,0.599
35010543227,2300585143,L109330558,11/15/2018 2:00:00 AM,10,0.783
35010543227,2300585143,L109330558,11/15/2018 3:00:00 AM,10,0.697
35010543227,2300585143,L109330558,11/15/2018 4:00:00 AM,10,0.636
35010543227,2300585143,L109330558,11/15/2018 5:00:00 AM,10,0.62
35010543227,2300585143,L109330558,11/15/2018 6:00:00 AM,10,0.686
35010543227,2300585143,L109330558,11/15/2018 7:00:00 AM,10,0.783
35010543227,2300585143,L109330558,11/15/2018 8:00:00 AM,10,1.462
35010543227,2300585143,L109330558,11/15/2018 9:00:00 AM,10,1.302
35010543227,2300585143,L109330558,11/15/2018 10:00:00 AM,10,1.142
35010543227,2300585143,L109330558,11/15/2018 11:00:00 AM,10,1.073
35010543227,2300585143,L109330558,11/15/2018 12:00:00 PM,10,0.758
35010543227,2300585143,L109330558,11/15/2018 1:00:00 PM,10,0.697
35010543227,2300585143,L109330558,11/15/2018 2:00:00 PM,10,0.524
35010543227,2300585143,L109330558,11/15/2018 3:00:00 PM,10,0.824
35010543227,2300585143,L109330558,11/15/2018 4:00:00 PM,10,1.657
35010543227,2300585143,L109330558,11/15/2018 5:00:00 PM,10,2.252
35010543227,2300585143,L109330558,11/15/2018 6:00:00 PM,10,2.177
35010543227,2300585143,L109330558,11/15/2018 7:00:00 PM,10,2.534
35010543227,2300585143,L109330558,11/15/2018 8:00:00 PM,10,1.291
35010543227,2300585143,L109330558,11/15/2018 9:00:00 PM,10,1.542
35010543227,2300585143,L109330558,11/15/2018 10:00:00 PM,10,1.486
35010543227,2300585143,L109330558,11/15/2018 11:00:00 PM,10,1.226
35010543227,2300585143,L109330558,11/16/2018 12:00:00 AM,10,1.085
35010543227,2300585143,L109330558,11/16/2018 1:00:00 AM,10,1.074
35010543227,2300585143,L109330558,11/16/2018 2:00:00 AM,10,1.079
35010543227,2300585143,L109330558,11/16/2018 3:00:00 AM,10,1.059
35010543227,2300585143,L109330558,11/16/2018 4:00:00 AM,10,1.184
35010543227,2300585143,L109330558,11/16/2018 5:00:00 AM,10,1.13
35010543227,2300585143,L109330558,11/16/2018 6:00:00 AM,10,1.157
35010543227,2300585143,L109330558,11/16/2018 7:00:00 AM,10,1.232
35010543227,2300585143,L109330558,11/16/2018 8:00:00 AM,10,1.314
35010543227,2300585143,L109330558,11/16/2018 9:00:00 AM,10,1.514
35010543227,2300585143,L109330558,11/16/2018 10:00:00 AM,10,1.341
35010543227,2300585143,L109330558,11/16/2018 11:00:00 AM,10,1.295
35010543227,2300585143,L109330558,11/16/2018 12:00:00 PM,10,1.21
35010543227,2300585143,L109330558,11/16/2018 1:00:00 PM,10,1.151
35010543227,2300585143,L109330558,11/16/2018 2:00:00 PM,10,1.193
35010543227,2300585143,L109330558,11/16/2018 3:00:00 PM,10,0.951
35010543227,2300585143,L109330558,11/16/2018 4:00:00 PM,10,0.703
35010543227,2300585143,L109330558,11/16/2018 5:00:00 PM,10,0.719
35010543227,2300585143,L109330558,11/16/2018 6:00:00 PM,10,1.638
35010543227,2300585143,L109330558,11/16/2018 7:00:00 PM,10,1.076
35010543227,2300585143,L109330558,11/16/2018 8:00:00 PM,10,1.192
35010543227,2300585143,L109330558,11/16/2018 9:00:00 PM,10,0.843
35010543227,2300585143,L109330558,11/16/2018 10:00:00 PM,10,0.729
35010543227,2300585143,L109330558,11/16/2018 11:00:00 PM,10,0.713
35010543227,2300585143,L109330558,11/17/2018 12:00:00 AM,10,0.469
35010543227,2300585143,L109330558,11/17/2018 1:00:00 AM,10,0.463
35010543227,2300585143,L109330558,11/17/2018 2:00:00 AM,10,0.597
35010543227,2300585143,L109330558,11/17/2018 3:00:00 AM,10,0.743
35010543227,2300585143,L109330558,11/17/2018 4:00:00 AM,10,0.575
35010543227,2300585143,L109330558,11/17/2018 5:00:00 AM,10,0.469
35010543227,2300585143,L109330558,11/17/2018 6:00:00 AM,10,0.479
35010543227,2300585143,L109330558,11/17/2018 7:00:00 AM,10,0.799
35010543227,2300585143,L109330558,11/17/2018 8:00:00 AM,10,1.091
35010543227,2300585143,L109330558,11/17/2018 9:00:00 AM,10,0.908
35010543227,2300585143,L109330558,11/17/2018 10:00:00 AM,10,0.633
35010543227,2300585143,L109330558,11/17/2018 11:00:00 AM,10,0.72
35010543227,2300585143,L109330558,11/17/2018 12:00:00 PM,10,0.59
35010543227,2300585143,L109330558,11/17/2018 1:00:00 PM,10,1.178
35010543227,2300585143,L109330558,11/17/2018 2:00:00 PM,10,0.697
35010543227,2300585143,L109330558,11/17/2018 3:00:00 PM,10,0.606
35010543227,2300585143,L109330558,11/17/2018 4:00:00 PM,10,0.547
35010543227,2300585143,L109330558,11/17/2018 5:00:00 PM,10,0.631
35010543227,2300585143,L109330558,11/17/2018 6:00:00 PM,10,0.671
35010543227,2300585143,L109330558,11/17/2018 7:00:00 PM,10,0.787
35010543227,2300585143,L109330558,11/17/2018 8:00:00 PM,10,0.862
35010543227,2300585143,L109330558,11/17/2018 9:00:00 PM,10,1.067
35010543227,2300585143,L109330558,11/17/2018 10:00:00 PM,10,1.084
35010543227,2300585143,L109330558,11/17/2018 11:00:00 PM,10,0.637
35010543227,2300585143,L109330558,11/18/2018 12:00:00 AM,10,0.44
35010543227,2300585143,L109330558,11/18/2018 1:00:00 AM,10,0.442
35010543227,2300585143,L109330558,11/18/2018 2:00:00 AM,10,0.482
35010543227,2300585143,L109330558,11/18/2018 3:00:00 AM,10,0.582
35010543227,2300585143,L109330558,11/18/2018 4:00:00 AM,10,0.49
35010543227,2300585143,L109330558,11/18/2018 5:00:00 AM,10,0.488
35010543227,2300585143,L109330558,11/18/2018 6:00:00 AM,10,0.496
35010543227,2300585143,L109330558,11/18/2018 7:00:00 AM,10,0.636
35010543227,2300585143,L109330558,11/18/2018 8:00:00 AM,10,0.846
35010543227,2300585143,L109330558,11/18/2018 9:00:00 AM,10,0.839
35010543227,2300585143,L109330558,11/18/2018 10:00:00 AM,10,0.49
35010543227,2300585143,L109330558,11/18/2018 11:00:00 AM,10,0.586
35010543227,2300585143,L109330558,11/18/2018 12:00:00 PM,10,0.731
35010543227,2300585143,L109330558,11/18/2018 1:00:00 PM,10,0.616
35010543227,2300585143,L109330558,11/18/2018 2:00:00 PM,10,0.594
35010543227,2300585143,L109330558,11/18/2018 3:00:00 PM,10,0.619
35010543227,2300585143,L109330558,11/18/2018 4:00:00 PM,10,0.605
35010543227,2300585143,L109330558,11/18/2018 5:00:00 PM,10,1.016
35010543227,2300585143,L109330558,11/18/2018 6:00:00 PM,10,1.517
35010543227,2300585143,L109330558,11/18/2018 7:00:00 PM,10,1.765
35010543227,2300585143,L109330558,11/18/2018 8:00:00 PM,10,2.14
35010543227,2300585143,L109330558,11/18/2018 9:00:00 PM,10,1.451
35010543227,2300585143,L109330558,11/18/2018 10:00:00 PM,10,1.608
35010543227,2300585143,L109330558,11/18/2018 11:00:00 PM,10,1.093
35010543227,2300585143,L109330558,11/19/2018 12:00:00 AM,10,1.063
35010543227,2300585143,L109330558,11/19/2018 1:00:00 AM,10,1.12
35010543227,2300585143,L109330558,11/19/2018 2:00:00 AM,10,1.128
35010543227,2300585143,L109330558,11/19/2018 3:00:00 AM,10,1.079
35010543227,2300585143,L109330558,11/19/2018 4:00:00 AM,10,1.152
35010543227,2300585143,L109330558,11/19/2018 5:00:00 AM,10,1.053
35010543227,2300585143,L109330558,11/19/2018 6:00:00 AM,10,1.165
35010543227,2300585143,L109330558,11/19/2018 7:00:00 AM,10,1.328
35010543227,2300585143,L109330558,11/19/2018 8:00:00 AM,10,1.372
35010543227,2300585143,L109330558,11/19/2018 9:00:00 AM,10,1.395
35010543227,2300585143,L109330558,11/19/2018 10:00:00 AM,10,1.26
35010543227,2300585143,L109330558,11/19/2018 11:00:00 AM,10,1.264
35010543227,2300585143,L109330558,11/19/2018 12:00:00 PM,10,1.283
35010543227,2300585143,L109330558,11/19/2018 1:00:00 PM,10,1.256
35010543227,2300585143,L109330558,11/19/2018 2:00:00 PM,10,1.288
35010543227,2300585143,L109330558,11/19/2018 3:00:00 PM,10,1.299
35010543227,2300585143,L109330558,11/19/2018 4:00:00 PM,10,1.108
35010543227,2300585143,L109330558,11/19/2018 5:00:00 PM,10,1.36
35010543227,2300585143,L109330558,11/19/2018 6:00:00 PM,10,1.438
35010543227,2300585143,L109330558,11/19/2018 7:00:00 PM,10,2.76
35010543227,2300585143,L109330558,11/19/2018 8:00:00 PM,10,1.426
35010543227,2300585143,L109330558,11/19/2018 9:00:00 PM,10,1.657
35010543227,2300585143,L109330558,11/19/2018 10:00:00 PM,10,1.267
35010543227,2300585143,L109330558,11/19/2018 11:00:00 PM,10,1.216
35010543227,2300585143,L109330558,11/20/2018 12:00:00 AM,10,1.154
35010543227,2300585143,L109330558,11/20/2018 1:00:00 AM,10,1.091
35010543227,2300585143,L109330558,11/20/2018 2:00:00 AM,10,1.029
35010543227,2300585143,L109330558,11/20/2018 3:00:00 AM,10,1.176
35010543227,2300585143,L109330558,11/20/2018 4:00:00 AM,10,1.094
35010543227,2300585143,L109330558,11/20/2018 5:00:00 AM,10,1.153
35010543227,2300585143,L109330558,11/20/2018 6:00:00 AM,10,1.171
35010543227,2300585143,L109330558,11/20/2018 7:00:00 AM,10,1.264
35010543227,2300585143,L109330558,11/20/2018 8:00:00 AM,10,1.594
35010543227,2300585143,L109330558,11/20/2018 9:00:00 AM,10,1.612
35010543227,2300585143,L109330558,11/20/2018 10:00:00 AM,10,1.272
35010543227,2300585143,L109330558,11/20/2018 11:00:00 AM,10,1.135
35010543227,2300585143,L109330558,11/20/2018 12:00:00 PM,10,1.469
35010543227,2300585143,L109330558,11/20/2018 1:00:00 PM,10,1.98
35010543227,2300585143,L109330558,11/20/2018 2:00:00 PM,10,1.141
35010543227,2300585143,L109330558,11/20/2018 3:00:00 PM,10,1.108
35010543227,2300585143,L109330558,11/20/2018 4:00:00 PM,10,1.202
35010543227,2300585143,L109330558,11/20/2018 5:00:00 PM,10,1.315
35010543227,2300585143,L109330558,11/20/2018 6:00:00 PM,10,1.378
35010543227,2300585143,L109330558,11/20/2018 7:00:00 PM,10,1.297
35010543227,2300585143,L109330558,11/20/2018 8:00:00 PM,10,1.679
35010543227,2300585143,L109330558,11/20/2018 9:00:00 PM,10,1.568
35010543227,2300585143,L109330558,11/20/2018 10:00:00 PM,10,1.502
35010543227,2300585143,L109330558,11/20/2018 11:00:00 PM,10,1.462
35010543227,2300585143,L109330558,11/21/2018 12:00:00 AM,10,1.072
35010543227,2300585143,L109330558,11/21/2018 1:00:00 AM,10,1.29
35010543227,2300585143,L109330558,11/21/2018 2:00:00 AM,10,1.166
35010543227,2300585143,L109330558,11/21/2018 3:00:00 AM,10,1.213
35010543227,2300585143,L109330558,11/21/2018 4:00:00 AM,10,1.141
35010543227,2300585143,L109330558,11/21/2018 5:00:00 AM,10,1.165
35010543227,2300585143,L109330558,11/21/2018 6:00:00 AM,10,1.126
35010543227,2300585143,L109330558,11/21/2018 7:00:00 AM,10,1.39
35010543227,2300585143,L109330558,11/21/2018 8:00:00 AM,10,1.613
35010543227,2300585143,L109330558,11/21/2018 9:00:00 AM,10,1.366
35010543227,2300585143,L109330558,11/21/2018 10:00:00 AM,10,1.165
35010543227,2300585143,L109330558,11/21/2018 11:00:00 AM,10,0.644
35010543227,2300585143,L109330558,11/21/2018 12:00:00 PM,10,0.78
35010543227,2300585143,L109330558,11/21/2018 1:00:00 PM,10,0.707
35010543227,2300585143,L109330558,11/21/2018 2:00:00 PM,10,1.129
35010543227,2300585143,L109330558,11/21/2018 3:00:00 PM,10,0.616
35010543227,2300585143,L109330558,11/21/2018 4:00:00 PM,10,0.907
35010543227,2300585143,L109330558,11/21/2018 5:00:00 PM,10,1
35010543227,2300585143,L109330558,11/21/2018 6:00:00 PM,10,0.866
35010543227,2300585143,L109330558,11/21/2018 7:00:00 PM,10,1.368
35010543227,2300585143,L109330558,11/21/2018 8:00:00 PM,10,0.928
35010543227,2300585143,L109330558,11/21/2018 9:00:00 PM,10,1.772
35010543227,2300585143,L109330558,11/21/2018 10:00:00 PM,10,0.895
35010543227,2300585143,L109330558,11/21/2018 11:00:00 PM,10,0.766
35010543227,2300585143,L109330558,11/22/2018 12:00:00 AM,10,0.661
35010543227,2300585143,L109330558,11/22/2018 1:00:00 AM,10,0.661
35010543227,2300585143,L109330558,11/22/2018 2:00:00 AM,10,0.629
35010543227,2300585143,L109330558,11/22/2018 3:00:00 AM,10,0.748
35010543227,2300585143,L109330558,11/22/2018 4:00:00 AM,10,0.785
35010543227,2300585143,L109330558,11/22/2018 5:00:00 AM,10,0.748
35010543227,2300585143,L109330558,11/22/2018 6:00:00 AM,10,0.694
35010543227,2300585143,L109330558,11/22/2018 7:00:00 AM,10,1.048
35010543227,2300585143,L109330558,11/22/2018 8:00:00 AM,10,1.049
35010543227,2300585143,L109330558,11/22/2018 9:00:00 AM,10,1.041
35010543227,2300585143,L109330558,11/22/2018 10:00:00 AM,10,1.748
35010543227,2300585143,L109330558,11/22/2018 11:00:00 AM,10,1.876
35010543227,2300585143,L109330558,11/22/2018 12:00:00 PM,10,1.662
35010543227,2300585143,L109330558,11/22/2018 1:00:00 PM,10,3.199
35010543227,2300585143,L109330558,11/22/2018 2:00:00 PM,10,3.07
35010543227,2300585143,L109330558,11/22/2018 3:00:00 PM,10,1.442
35010543227,2300585143,L109330558,11/22/2018 4:00:00 PM,10,0.956
35010543227,2300585143,L109330558,11/22/2018 5:00:00 PM,10,1.648
35010543227,2300585143,L109330558,11/22/2018 6:00:00 PM,10,1.679
35010543227,2300585143,L109330558,11/22/2018 7:00:00 PM,10,0.876
35010543227,2300585143,L109330558,11/22/2018 8:00:00 PM,10,0.912
35010543227,2300585143,L109330558,11/22/2018 9:00:00 PM,10,1.056
35010543227,2300585143,L109330558,11/22/2018 10:00:00 PM,10,1.034
35010543227,2300585143,L109330558,11/22/2018 11:00:00 PM,10,1.07
35010543227,2300585143,L109330558,11/23/2018 12:00:00 AM,10,0.918
35010543227,2300585143,L109330558,11/23/2018 1:00:00 AM,10,0.752
35010543227,2300585143,L109330558,11/23/2018 2:00:00 AM,10,0.722
35010543227,2300585143,L109330558,11/23/2018 3:00:00 AM,10,0.694
35010543227,2300585143,L109330558,11/23/2018 4:00:00 AM,10,0.613
35010543227,2300585143,L109330558,11/23/2018 5:00:00 AM,10,0.58
35010543227,2300585143,L109330558,11/23/2018 6:00:00 AM,10,0.637
35010543227,2300585143,L109330558,11/23/2018 7:00:00 AM,10,0.815
35010543227,2300585143,L109330558,11/23/2018 8:00:00 AM,10,0.937
35010543227,2300585143,L109330558,11/23/2018 9:00:00 AM,10,0.921
35010543227,2300585143,L109330558,11/23/2018 10:00:00 AM,10,1.171
35010543227,2300585143,L109330558,11/23/2018 11:00:00 AM,10,1.121
35010543227,2300585143,L109330558,11/23/2018 12:00:00 PM,10,1.472
35010543227,2300585143,L109330558,11/23/2018 1:00:00 PM,10,1.102
35010543227,2300585143,L109330558,11/23/2018 2:00:00 PM,10,0.918
35010543227,2300585143,L109330558,11/23/2018 3:00:00 PM,10,0.776
35010543227,2300585143,L109330558,11/23/2018 4:00:00 PM,10,0.898
35010543227,2300585143,L109330558,11/23/2018 5:00:00 PM,10,2.063
35010543227,2300585143,L109330558,11/23/2018 6:00:00 PM,10,0.964
35010543227,2300585143,L109330558,11/23/2018 7:00:00 PM,10,1.026
35010543227,2300585143,L109330558,11/23/2018 8:00:00 PM,10,0.784
35010543227,2300585143,L109330558,11/23/2018 9:00:00 PM,10,1.666
35010543227,2300585143,L109330558,11/23/2018 10:00:00 PM,10,1.406
35010543227,2300585143,L109330558,11/23/2018 11:00:00 PM,10,0.871
35010543227,2300585143,L109330558,11/24/2018 12:00:00 AM,10,0.672
35010543227,2300585143,L109330558,11/24/2018 1:00:00 AM,10,0.586
35010543227,2300585143,L109330558,11/24/2018 2:00:00 AM,10,0.607
35010543227,2300585143,L109330558,11/24/2018 3:00:00 AM,10,0.598
35010543227,2300585143,L109330558,11/24/2018 4:00:00 AM,10,0.63
35010543227,2300585143,L109330558,11/24/2018 5:00:00 AM,10,0.713
35010543227,2300585143,L109330558,11/24/2018 6:00:00 AM,10,0.652
35010543227,2300585143,L109330558,11/24/2018 7:00:00 AM,10,0.81
35010543227,2300585143,L109330558,11/24/2018 8:00:00 AM,10,0.733
35010543227,2300585143,L109330558,11/24/2018 9:00:00 AM,10,0.73
35010543227,2300585143,L109330558,11/24/2018 10:00:00 AM,10,0.775
35010543227,2300585143,L109330558,11/24/2018 11:00:00 AM,10,0.597
35010543227,2300585143,L109330558,11/24/2018 12:00:00 PM,10,0.629
35010543227,2300585143,L109330558,11/24/2018 1:00:00 PM,10,0.588
35010543227,2300585143,L109330558,11/24/2018 2:00:00 PM,10,0.533
35010543227,2300585143,L109330558,11/24/2018 3:00:00 PM,10,0.719
35010543227,2300585143,L109330558,11/24/2018 4:00:00 PM,10,0.773
35010543227,2300585143,L109330558,11/24/2018 5:00:00 PM,10,0.808
35010543227,2300585143,L109330558,11/24/2018 6:00:00 PM,10,1.35
35010543227,2300585143,L109330558,11/24/2018 7:00:00 PM,10,1.081
35010543227,2300585143,L109330558,11/24/2018 8:00:00 PM,10,0.889
35010543227,2300585143,L109330558,11/24/2018 9:00:00 PM,10,1.472
35010543227,2300585143,L109330558,11/24/2018 10:00:00 PM,10,0.796
35010543227,2300585143,L109330558,11/24/2018 11:00:00 PM,10,0.622
35010543227,2300585143,L109330558,11/25/2018 12:00:00 AM,10,0.569
35010543227,2300585143,L109330558,11/25/2018 1:00:00 AM,10,0.517
35010543227,2300585143,L109330558,11/25/2018 2:00:00 AM,10,0.607
35010543227,2300585143,L109330558,11/25/2018 3:00:00 AM,10,0.503
35010543227,2300585143,L109330558,11/25/2018 4:00:00 AM,10,0.634
35010543227,2300585143,L109330558,11/25/2018 5:00:00 AM,10,0.461
35010543227,2300585143,L109330558,11/25/2018 6:00:00 AM,10,0.57
35010543227,2300585143,L109330558,11/25/2018 7:00:00 AM,10,0.655
35010543227,2300585143,L109330558,11/25/2018 8:00:00 AM,10,0.871
35010543227,2300585143,L109330558,11/25/2018 9:00:00 AM,10,0.733
35010543227,2300585143,L109330558,11/25/2018 10:00:00 AM,10,0.554
35010543227,2300585143,L109330558,11/25/2018 11:00:00 AM,10,0.553
35010543227,2300585143,L109330558,11/25/2018 12:00:00 PM,10,0.734
35010543227,2300585143,L109330558,11/25/2018 1:00:00 PM,10,0.604
35010543227,2300585143,L109330558,11/25/2018 2:00:00 PM,10,0.643
35010543227,2300585143,L109330558,11/25/2018 3:00:00 PM,10,0.671
35010543227,2300585143,L109330558,11/25/2018 4:00:00 PM,10,0.532
35010543227,2300585143,L109330558,11/25/2018 5:00:00 PM,10,0.935
35010543227,2300585143,L109330558,11/25/2018 6:00:00 PM,10,2.276
35010543227,2300585143,L109330558,11/25/2018 7:00:00 PM,10,1.496
35010543227,2300585143,L109330558,11/25/2018 8:00:00 PM,10,1.348
35010543227,2300585143,L109330558,11/25/2018 9:00:00 PM,10,1.166
35010543227,2300585143,L109330558,11/25/2018 10:00:00 PM,10,0.974
35010543227,2300585143,L109330558,11/25/2018 11:00:00 PM,10,0.578
35010543227,2300585143,L109330558,11/26/2018 12:00:00 AM,10,0.562
35010543227,2300585143,L109330558,11/26/2018 1:00:00 AM,10,0.459
35010543227,2300585143,L109330558,11/26/2018 2:00:00 AM,10,0.527
35010543227,2300585143,L109330558,11/26/2018 3:00:00 AM,10,0.548
35010543227,2300585143,L109330558,11/26/2018 4:00:00 AM,10,0.847
35010543227,2300585143,L109330558,11/26/2018 5:00:00 AM,10,1.279
35010543227,2300585143,L109330558,11/26/2018 6:00:00 AM,10,0.466
35010543227,2300585143,L109330558,11/26/2018 7:00:00 AM,10,0.859
35010543227,2300585143,L109330558,11/26/2018 8:00:00 AM,10,0.899
35010543227,2300585143,L109330558,11/26/2018 9:00:00 AM,10,0.709
35010543227,2300585143,L109330558,11/26/2018 10:00:00 AM,10,0.732
35010543227,2300585143,L109330558,11/26/2018 11:00:00 AM,10,0.732
35010543227,2300585143,L109330558,11/26/2018 12:00:00 PM,10,0.74
35010543227,2300585143,L109330558,11/26/2018 1:00:00 PM,10,0.677
35010543227,2300585143,L109330558,11/26/2018 2:00:00 PM,10,1.005
35010543227,2300585143,L109330558,11/26/2018 3:00:00 PM,10,0.788
35010543227,2300585143,L109330558,11/26/2018 4:00:00 PM,10,0.778
35010543227,2300585143,L109330558,11/26/2018 5:00:00 PM,10,0.917
35010543227,2300585143,L109330558,11/26/2018 6:00:00 PM,10,1.015
35010543227,2300585143,L109330558,11/26/2018 7:00:00 PM,10,1.954
35010543227,2300585143,L109330558,11/26/2018 8:00:00 PM,10,0.758
35010543227,2300585143,L109330558,11/26/2018 9:00:00 PM,10,1.189
35010543227,2300585143,L109330558,11/26/2018 10:00:00 PM,10,0.801
35010543227,2300585143,L109330558,11/26/2018 11:00:00 PM,10,0.593
35010543227,2300585143,L109330558,11/27/2018 12:00:00 AM,10,0.595
35010543227,2300585143,L109330558,11/27/2018 1:00:00 AM,10,0.566
35010543227,2300585143,L109330558,11/27/2018 2:00:00 AM,10,0.517
35010543227,2300585143,L109330558,11/27/2018 3:00:00 AM,10,0.49
35010543227,2300585143,L109330558,11/27/2018 4:00:00 AM,10,0.466
35010543227,2300585143,L109330558,11/27/2018 5:00:00 AM,10,0.578
35010543227,2300585143,L109330558,11/27/2018 6:00:00 AM,10,0.679
35010543227,2300585143,L109330558,11/27/2018 7:00:00 AM,10,0.778
35010543227,2300585143,L109330558,11/27/2018 8:00:00 AM,10,1.124
35010543227,2300585143,L109330558,11/27/2018 9:00:00 AM,10,1.928
35010543227,2300585143,L109330558,11/27/2018 10:00:00 AM,10,2.543
35010543227,2300585143,L109330558,11/27/2018 11:00:00 AM,10,2.623
35010543227,2300585143,L109330558,11/27/2018 12:00:00 PM,10,3.265
35010543227,2300585143,L109330558,11/27/2018 1:00:00 PM,10,2.084
35010543227,2300585143,L109330558,11/27/2018 2:00:00 PM,10,2.167
35010543227,2300585143,L109330558,11/27/2018 3:00:00 PM,10,1.725
35010543227,2300585143,L109330558,11/27/2018 4:00:00 PM,10,1.347
35010543227,2300585143,L109330558,11/27/2018 5:00:00 PM,10,0.949
35010543227,2300585143,L109330558,11/27/2018 6:00:00 PM,10,2.185
35010543227,2300585143,L109330558,11/27/2018 7:00:00 PM,10,1.475
35010543227,2300585143,L109330558,11/27/2018 8:00:00 PM,10,0.828
35010543227,2300585143,L109330558,11/27/2018 9:00:00 PM,10,1.416
35010543227,2300585143,L109330558,11/27/2018 10:00:00 PM,10,0.876
35010543227,2300585143,L109330558,11/27/2018 11:00:00 PM,10,0.833
35010543227,2300585143,L109330558,11/28/2018 12:00:00 AM,10,0.632
35010543227,2300585143,L109330558,11/28/2018 1:00:00 AM,10,0.533
35010543227,2300585143,L109330558,11/28/2018 2:00:00 AM,10,0.564
35010543227,2300585143,L109330558,11/28/2018 3:00:00 AM,10,0.503
35010543227,2300585143,L109330558,11/28/2018 4:00:00 AM,10,0.478
35010543227,2300585143,L109330558,11/28/2018 5:00:00 AM,10,0.563
35010543227,2300585143,L109330558,11/28/2018 6:00:00 AM,10,0.507
35010543227,2300585143,L109330558,11/28/2018 7:00:00 AM,10,0.768
35010543227,2300585143,L109330558,11/28/2018 8:00:00 AM,10,0.953
35010543227,2300585143,L109330558,11/28/2018 9:00:00 AM,10,1.493
35010543227,2300585143,L109330558,11/28/2018 10:00:00 AM,10,0.982
35010543227,2300585143,L109330558,11/28/2018 11:00:00 AM,10,0.906
35010543227,2300585143,L109330558,11/28/2018 12:00:00 PM,10,1.958
35010543227,2300585143,L109330558,11/28/2018 1:00:00 PM,10,1.043
35010543227,2300585143,L109330558,11/28/2018 2:00:00 PM,10,0.683
35010543227,2300585143,L109330558,11/28/2018 3:00:00 PM,10,0.547
35010543227,2300585143,L109330558,11/28/2018 4:00:00 PM,10,0.508
35010543227,2300585143,L109330558,11/28/2018 5:00:00 PM,10,0.501
35010543227,2300585143,L109330558,11/28/2018 6:00:00 PM,10,0.804
35010543227,2300585143,L109330558,11/28/2018 7:00:00 PM,10,0.919
35010543227,2300585143,L109330558,11/28/2018 8:00:00 PM,10,0.838
35010543227,2300585143,L109330558,11/28/2018 9:00:00 PM,10,1.426
35010543227,2300585143,L109330558,11/28/2018 10:00:00 PM,10,0.95
35010543227,2300585143,L109330558,11/28/2018 11:00:00 PM,10,0.607
35010543227,2300585143,L109330558,11/29/2018 12:00:00 AM,10,0.539
35010543227,2300585143,L109330558,11/29/2018 1:00:00 AM,10,0.518
35010543227,2300585143,L109330558,11/29/2018 2:00:00 AM,10,0.51
35010543227,2300585143,L109330558,11/29/2018 3:00:00 AM,10,0.466
35010543227,2300585143,L109330558,11/29/2018 4:00:00 AM,10,0.491
35010543227,2300585143,L109330558,11/29/2018 5:00:00 AM,10,0.584
35010543227,2300585143,L109330558,11/29/2018 6:00:00 AM,10,0.549
35010543227,2300585143,L109330558,11/29/2018 7:00:00 AM,10,0.725
35010543227,2300585143,L109330558,11/29/2018 8:00:00 AM,10,0.83
35010543227,2300585143,L109330558,11/29/2018 9:00:00 AM,10,0.677
35010543227,2300585143,L109330558,11/29/2018 10:00:00 AM,10,0.67
35010543227,2300585143,L109330558,11/29/2018 11:00:00 AM,10,0.721
35010543227,2300585143,L109330558,11/29/2018 12:00:00 PM,10,0.686
35010543227,2300585143,L109330558,11/29/2018 1:00:00 PM,10,0.698
35010543227,2300585143,L109330558,11/29/2018 2:00:00 PM,10,0.543
35010543227,2300585143,L109330558,11/29/2018 3:00:00 PM,10,0.584
35010543227,2300585143,L109330558,11/29/2018 4:00:00 PM,10,0.886
35010543227,2300585143,L109330558,11/29/2018 5:00:00 PM,10,0.96
35010543227,2300585143,L109330558,11/29/2018 6:00:00 PM,10,0.883
35010543227,2300585143,L109330558,11/29/2018 7:00:00 PM,10,2.557
35010543227,2300585143,L109330558,11/29/2018 8:00:00 PM,10,0.839
35010543227,2300585143,L109330558,11/29/2018 9:00:00 PM,10,1.335
35010543227,2300585143,L109330558,11/29/2018 10:00:00 PM,10,0.971
35010543227,2300585143,L109330558,11/29/2018 11:00:00 PM,10,0.739
35010543227,2300585143,L109330558,11/30/2018 12:00:00 AM,10,0.647
35010543227,2300585143,L109330558,11/30/2018 1:00:00 AM,10,0.551
35010543227,2300585143,L109330558,11/30/2018 2:00:00 AM,10,0.532
35010543227,2300585143,L109330558,11/30/2018 3:00:00 AM,10,0.538
35010543227,2300585143,L109330558,11/30/2018 4:00:00 AM,10,0.598
35010543227,2300585143,L109330558,11/30/2018 5:00:00 AM,10,0.613
35010543227,2300585143,L109330558,11/30/2018 6:00:00 AM,10,0.592
35010543227,2300585143,L109330558,11/30/2018 7:00:00 AM,10,0.857
35010543227,2300585143,L109330558,11/30/2018 8:00:00 AM,10,0.852
35010543227,2300585143,L109330558,11/30/2018 9:00:00 AM,10,0.738
35010543227,2300585143,L109330558,11/30/2018 10:00:00 AM,10,0.847
35010543227,2300585143,L109330558,11/30/2018 11:00:00 AM,10,0.853
35010543227,2300585143,L109330558,11/30/2018 12:00:00 PM,10,1.354
35010543227,2300585143,L109330558,11/30/2018 1:00:00 PM,10,0.587
35010543227,2300585143,L109330558,11/30/2018 2:00:00 PM,10,0.647
35010543227,2300585143,L109330558,11/30/2018 3:00:00 PM,10,0.604
35010543227,2300585143,L109330558,11/30/2018 4:00:00 PM,10,0.58
35010543227,2300585143,L109330558,11/30/2018 5:00:00 PM,10,0.853
35010543227,2300585143,L109330558,11/30/2018 6:00:00 PM,10,0.977
35010543227,2300585143,L109330558,11/30/2018 7:00:00 PM,10,0.989
35010543227,2300585143,L109330558,11/30/2018 8:00:00 PM,10,0.802
35010543227,2300585143,L109330558,11/30/2018 9:00:00 PM,10,1.211
35010543227,2300585143,L109330558,11/30/2018 10:00:00 PM,10,0.895
35010543227,2300585143,L109330558,11/30/2018 11:00:00 PM,10,0.77